age,income,employment_years,loan_amount,loan_term_months,credit_utilization,num_open_accounts,num_past_defaults,debt_to_income_ratio,credit_history_years,default
56,125186,33,86835,12,0.89,8,0,0.25,15,0
69,54674,35,35090,36,0.32,2,0,0.67,7,0
46,186926,5,92489,12,0.34,7,4,0.25,15,1
32,66271,38,57142,36,0.1,6,2,0.48,20,0
60,93688,11,31475,48,0.88,13,1,0.78,10,0
25,189590,2,23888,24,0.81,14,2,0.2,14,0
38,131076,17,48732,60,0.66,9,0,0.76,6,0
56,161339,39,86623,48,0.78,7,4,0.23,14,1
36,21062,20,51305,12,0.24,1,4,0.5,24,1
40,70448,14,51037,60,0.51,14,2,0.36,25,0
28,115462,32,14346,24,0.42,8,2,0.78,22,0
28,157301,34,5587,48,0.18,11,1,0.29,12,0
41,67915,25,17763,60,0.54,10,3,0.38,11,1
53,24632,7,64165,48,0.93,3,3,0.79,29,1
57,124592,35,74615,48,0.14,14,1,0.48,25,0
41,154668,29,41116,24,0.36,2,3,0.45,20,0
20,129779,22,90751,36,0.29,12,0,0.28,22,0
39,157240,13,96353,60,0.31,3,3,0.59,24,1
19,128099,13,95301,24,0.92,11,1,0.11,25,0
41,27561,1,30556,48,0.52,6,3,0.13,19,0
61,102152,36,64042,24,0.52,13,4,0.52,2,1
47,145036,4,23099,36,0.78,14,2,0.34,22,0
55,144049,37,50096,60,0.24,3,0,0.77,20,0
19,46734,13,76986,36,0.54,10,4,0.73,1,1
38,157443,38,18230,12,0.49,5,4,0.6,8,1
50,46069,24,34009,60,0.64,6,1,0.67,25,0
29,32910,19,75969,36,1.0,8,2,0.57,14,1
39,93479,1,38866,48,0.79,7,2,0.19,9,0
61,101264,38,89246,60,0.46,14,0,0.64,2,0
42,43275,5,81975,60,0.84,11,1,0.25,25,0
66,92274,16,46855,24,0.25,8,0,0.33,23,0
44,120776,24,86557,48,0.13,3,3,0.67,5,1
59,68447,27,11416,12,0.28,4,4,0.48,23,1
45,185601,1,77516,36,0.41,6,0,0.7,29,0
33,146394,34,60915,24,0.56,11,4,0.25,25,1
32,95703,36,23058,36,0.65,7,1,0.53,8,0
64,96090,4,81637,12,0.92,9,3,0.16,16,1
68,37260,0,45718,12,0.56,13,1,0.55,22,0
61,132581,39,37602,60,0.55,1,3,0.63,16,1
69,23812,11,79658,12,0.15,13,3,0.51,13,1
20,179096,35,83112,36,0.13,8,4,0.29,20,1
54,136148,22,63067,48,0.6,8,1,0.12,29,0
68,178357,30,32516,48,0.49,6,1,0.18,15,0
24,136421,10,92969,60,0.86,4,0,0.54,1,0
38,21605,9,6089,36,0.24,3,1,0.75,22,0
26,92303,2,42346,36,0.12,11,0,0.24,3,0
56,178211,13,79663,12,0.5,3,2,0.61,6,0
35,96125,15,15487,36,0.31,6,2,0.71,22,0
21,164990,9,5155,24,0.14,13,2,0.46,14,0
42,178518,28,72494,12,0.75,8,1,0.57,4,0
31,144040,9,81229,24,0.2,7,1,0.67,18,0
67,164118,11,43547,60,0.65,11,0,0.28,15,0
26,175890,29,33795,48,0.35,1,3,0.31,9,0
43,24324,0,60296,60,0.26,11,0,0.1,18,0
19,96323,4,26447,48,0.44,6,2,0.77,3,0
37,29111,19,41598,60,0.82,7,0,0.74,10,0
45,189182,7,46814,36,0.45,12,3,0.64,17,1
64,36389,11,95751,24,0.78,7,1,0.16,7,0
24,142177,0,80330,48,0.21,9,0,0.41,15,0
61,61427,19,92960,12,0.8,11,2,0.17,1,0
25,179818,27,68278,24,0.31,11,2,0.11,27,0
64,142883,36,60077,12,0.71,10,1,0.53,25,0
52,151189,36,76906,24,0.61,5,0,0.77,27,0
31,145808,11,14528,24,0.94,1,3,0.73,11,1
34,132221,36,98812,60,0.45,2,1,0.59,17,0
53,33234,27,55100,48,0.16,4,0,0.17,5,0
67,73441,14,13179,48,0.12,5,4,0.29,7,1
57,20846,5,53781,24,0.84,9,2,0.32,19,0
21,30954,19,60267,36,0.57,11,3,0.63,25,1
19,99239,13,87379,36,0.8,1,3,0.66,24,1
23,66514,1,28952,12,0.31,3,3,0.37,29,0
59,108236,8,58798,12,0.41,5,2,0.39,15,0
21,117579,36,55939,60,0.13,3,0,0.13,3,0
46,157541,19,34516,24,0.97,4,1,0.3,15,0
35,181177,25,61526,12,0.7,14,0,0.42,5,0
43,62101,28,15449,12,0.94,3,1,0.18,23,0
61,84323,0,55290,24,0.34,4,3,0.42,12,1
51,111922,34,91661,60,0.65,14,0,0.7,20,0
27,196659,5,77954,12,0.71,13,3,0.51,5,1
53,188048,36,27746,60,0.39,13,4,0.16,3,1
31,147534,4,72990,48,0.86,1,3,0.23,9,1
48,87584,32,63810,60,0.95,12,3,0.43,26,1
65,124537,13,88297,36,0.9,8,1,0.35,9,0
32,98477,11,20223,36,0.77,4,4,0.35,7,1
25,62533,19,77237,60,0.35,7,3,0.47,26,1
31,21828,23,7597,36,0.35,2,3,0.51,2,0
40,21917,33,70677,48,0.97,2,4,0.66,23,1
57,40618,24,7659,24,0.11,6,4,0.34,23,1
38,52254,28,91516,36,0.74,14,0,0.66,27,0
33,125292,38,79567,36,0.74,2,1,0.34,21,0
62,67362,30,20037,60,0.66,6,4,0.14,16,1
35,40128,22,51738,48,0.99,11,4,0.49,9,1
64,143781,37,76678,24,0.38,2,2,0.51,13,0
41,85545,19,17109,60,0.41,4,4,0.75,28,1
43,102180,22,27010,60,0.17,7,1,0.61,27,0
42,107958,15,13787,48,0.5,8,3,0.74,19,1
62,160937,7,13472,24,0.33,3,3,0.74,20,0
58,153291,20,28383,48,0.41,14,3,0.52,17,0
46,59809,0,66709,24,0.85,13,3,0.47,6,1
32,136748,7,74785,48,0.94,9,2,0.49,4,1
62,25287,28,39518,60,0.27,2,4,0.78,1,1
18,185459,31,58909,60,0.44,8,3,0.64,18,1
42,28512,37,23351,12,0.94,8,0,0.17,19,0
24,152414,4,74624,36,0.16,13,3,0.64,9,1
26,128872,21,58330,48,0.18,14,4,0.22,13,1
41,170288,33,20282,12,0.25,4,3,0.41,8,0
18,113070,0,89866,36,0.64,1,2,0.25,23,0
61,99767,25,26778,48,0.24,13,1,0.58,13,0
25,117829,9,29264,24,0.97,1,1,0.71,15,0
41,177686,29,64675,36,0.5,2,4,0.3,11,1
28,187330,17,10075,60,0.55,14,1,0.16,12,0
68,62078,16,80948,12,0.32,12,1,0.31,14,0
34,126288,25,53454,36,0.52,14,0,0.57,4,0
25,103524,7,33365,36,0.7,9,4,0.33,1,1
52,32219,39,77766,60,0.78,13,4,0.29,24,1
52,20235,11,53200,48,0.78,2,1,0.23,4,0
50,62929,26,16002,24,0.62,2,1,0.45,19,0
22,147309,7,18947,60,0.91,6,1,0.29,9,0
59,87444,24,84222,24,0.84,7,2,0.61,10,1
56,159639,3,99840,48,0.78,13,3,0.15,4,1
58,121834,32,83610,36,0.15,7,2,0.56,20,0
45,104555,0,57142,24,0.11,13,4,0.27,9,1
24,93698,18,61307,12,0.29,9,0,0.44,13,0
26,144450,30,9493,12,0.7,6,3,0.3,12,1
25,156487,15,55085,60,0.47,14,0,0.61,11,0
29,187231,13,39228,48,0.46,8,4,0.76,12,1
51,63925,4,84676,60,0.9,11,4,0.74,18,1
50,157023,25,56875,60,0.91,6,0,0.51,12,0
65,107388,27,36655,60,0.92,2,0,0.42,16,0
40,28007,1,48472,12,0.38,1,0,0.67,5,0
41,192904,5,54437,12,0.72,5,4,0.58,20,1
54,78596,8,54416,60,0.34,14,1,0.23,25,0
52,141101,32,64711,12,0.27,9,0,0.67,12,0
61,181595,24,11816,48,0.27,8,3,0.4,21,0
57,108861,12,82175,60,0.41,14,4,0.23,25,1
39,106740,8,69307,12,0.49,13,2,0.3,11,0
44,35524,12,51733,24,0.85,4,2,0.29,9,0
52,170354,30,16240,60,0.21,5,3,0.46,18,0
18,175002,10,97493,60,0.76,13,1,0.26,25,0
52,151149,3,76363,48,0.58,5,0,0.19,3,0
54,145501,33,37762,36,0.36,6,4,0.19,20,1
64,40611,37,13259,36,0.54,3,0,0.51,17,0
31,168056,3,55139,48,0.37,5,4,0.61,14,1
20,34060,37,19849,48,0.64,2,2,0.33,1,0
18,63303,18,86768,48,0.49,10,0,0.12,17,0
22,180359,5,94709,36,0.25,1,3,0.19,25,0
43,59711,33,59869,48,0.2,11,1,0.74,27,0
31,163026,17,68095,12,0.59,1,3,0.45,8,1
56,93340,12,75910,60,0.91,10,1,0.42,5,0
44,122974,22,91710,60,0.41,7,0,0.13,5,0
26,169646,18,28567,24,0.76,2,0,0.61,9,0
32,160256,10,40292,24,0.69,4,1,0.47,3,0
32,170168,0,79813,60,0.94,5,2,0.24,19,0
43,87728,23,56631,12,0.84,7,4,0.18,23,1
59,185088,6,14885,36,0.61,2,3,0.37,9,1
30,31246,24,64659,36,0.69,14,3,0.69,22,1
68,196630,20,59306,12,0.91,6,3,0.71,18,1
49,169453,14,71314,36,0.46,1,0,0.52,16,0
56,147796,0,70087,48,0.39,7,3,0.61,1,1
66,187527,11,34165,60,0.11,9,4,0.18,2,1
69,112263,6,63929,60,0.84,5,4,0.51,14,1
49,155090,14,72028,12,0.82,5,1,0.57,14,0
21,31302,20,54812,36,0.19,4,0,0.24,1,0
47,87506,18,55500,24,0.62,3,4,0.72,26,1
54,61157,28,84151,24,0.52,9,2,0.24,26,0
40,74917,24,63643,36,0.21,5,0,0.32,25,0
56,116646,32,49900,24,0.98,8,0,0.53,16,0
62,103122,31,47946,12,0.29,9,4,0.55,15,1
32,44519,34,12851,12,0.16,5,2,0.59,26,0
60,100910,37,21288,36,0.64,10,1,0.18,15,0
46,140430,25,77692,24,0.76,9,4,0.69,12,1
53,91324,10,72580,12,0.13,2,2,0.47,16,0
30,25408,34,12368,12,0.69,9,0,0.43,14,0
49,79379,7,90436,48,0.58,11,2,0.79,29,0
24,45053,13,51403,48,0.19,4,0,0.62,24,0
68,160518,9,96170,12,0.26,6,4,0.18,15,1
39,151994,1,14168,36,0.61,6,4,0.63,23,1
45,118723,8,91497,60,0.37,6,3,0.17,15,0
19,71356,2,54879,60,0.94,2,3,0.12,19,1
59,30789,20,64871,12,0.84,7,3,0.38,8,1
62,117720,25,94388,12,0.99,13,4,0.8,2,1
23,86656,7,37174,12,0.33,6,1,0.22,2,0
45,64028,1,97491,36,0.97,11,4,0.57,27,1
45,84484,5,11581,48,0.49,14,2,0.22,10,0
61,52154,27,76853,12,0.41,1,4,0.61,3,1
61,22336,28,69046,12,0.15,2,4,0.45,23,1
37,123677,25,54678,24,0.15,7,0,0.58,17,0
47,87779,24,31649,36,0.72,1,0,0.24,8,0
28,39029,11,93668,12,0.51,1,0,0.62,28,0
45,79201,4,87325,24,0.3,1,4,0.8,23,1
42,52265,33,19567,60,0.65,8,1,0.57,4,0
56,122916,36,85404,12,0.33,4,2,0.45,14,0
50,194944,14,94906,12,0.62,4,2,0.75,21,1
18,66197,35,66944,24,0.42,13,1,0.11,10,0
44,145733,14,83002,36,0.84,2,1,0.61,29,0
69,174782,22,33803,12,0.84,11,2,0.72,1,1
30,180558,5,23230,60,0.53,11,3,0.14,4,0
58,91907,20,22862,12,0.42,11,0,0.42,1,0
20,148876,22,48355,60,0.43,1,0,0.24,17,0
56,84435,15,36259,48,0.83,12,2,0.5,26,0
23,60631,14,92445,48,0.4,10,1,0.55,17,0
25,149038,24,35795,60,0.29,9,3,0.31,7,0
44,40103,35,13770,36,0.18,7,2,0.42,23,0
26,84772,10,16093,12,0.52,4,0,0.3,20,0
54,146108,14,51571,12,0.53,12,4,0.36,15,1
50,34382,3,5193,48,0.86,6,1,0.21,13,0
68,104291,20,22569,60,0.3,14,4,0.72,28,1
59,121195,12,16190,12,0.44,2,2,0.11,2,0
61,154828,21,67824,12,0.83,7,0,0.72,28,0
41,40609,18,47752,36,0.84,2,3,0.5,19,1
32,167550,33,37327,24,0.45,10,4,0.33,24,1
49,190738,13,47070,48,0.51,8,3,0.61,13,1
49,95683,3,90925,48,0.37,8,0,0.46,24,0
41,144714,26,45197,24,0.94,1,4,0.45,11,1
58,150330,28,7261,12,0.21,13,3,0.18,27,0
69,91315,27,98905,36,0.94,8,3,0.37,22,1
66,97834,34,31512,36,0.72,2,4,0.27,15,1
66,146205,7,11716,48,0.58,6,0,0.11,10,0
69,34153,15,91795,36,0.13,13,3,0.35,9,0
29,96325,35,33933,24,0.53,1,2,0.16,27,0
56,164071,29,9378,12,0.47,5,4,0.28,28,1
19,75318,17,45583,24,0.25,11,1,0.16,9,0
20,151886,1,90371,60,0.69,7,1,0.17,20,0
66,135033,12,34033,48,0.97,13,0,0.24,28,0
54,96077,3,29000,36,0.61,10,2,0.8,1,0
66,110474,25,80868,60,0.74,1,3,0.1,17,1
34,153515,24,47604,36,0.16,2,1,0.55,12,0
66,93319,29,73336,12,0.48,7,0,0.2,10,0
19,145885,10,78869,12,0.2,6,2,0.74,5,0
19,129777,6,10410,12,0.65,3,2,0.17,29,0
45,37368,30,88375,36,0.94,14,0,0.77,18,0
40,166400,9,61044,60,0.7,10,0,0.53,15,0
54,111751,38,68315,12,0.17,2,3,0.1,6,0
49,47306,12,76344,60,0.42,10,0,0.73,7,0
50,190987,30,11796,36,0.6,4,3,0.47,17,1
18,57219,6,91716,60,0.46,3,3,0.28,6,1
36,80279,35,59245,36,0.85,7,4,0.64,8,1
19,73028,19,48056,36,0.83,8,2,0.75,12,1
61,124263,3,22709,48,0.65,2,2,0.44,21,0
43,20126,6,63557,36,0.44,10,2,0.32,14,0
49,72329,0,22543,36,0.33,7,4,0.65,12,1
23,47632,12,42418,24,0.2,8,3,0.58,23,0
49,129945,21,99611,12,0.42,6,3,0.72,10,1
21,75176,20,21724,48,0.47,6,0,0.58,22,0
28,195399,21,8828,48,0.71,10,4,0.27,20,1
34,154869,27,22087,48,0.69,1,0,0.75,15,0
55,198954,8,17605,24,0.16,4,4,0.17,7,1
41,164790,25,36337,36,0.46,14,0,0.29,26,0
22,54560,8,10482,12,0.26,1,1,0.46,9,0
69,96589,14,70333,60,0.24,4,2,0.5,10,0
51,42116,9,97541,36,0.84,2,2,0.11,10,0
23,187316,23,93296,24,0.14,11,3,0.65,16,1
39,152717,7,55952,36,0.48,13,1,0.35,29,0
28,198595,23,10463,36,0.25,5,2,0.38,7,0
65,144085,15,75448,24,0.89,10,3,0.67,28,1
33,137718,25,9648,48,0.6,14,1,0.37,5,0
50,39256,26,38623,48,0.31,9,2,0.13,23,0
26,120158,36,64156,12,0.55,11,0,0.22,3,0
23,188502,3,40634,12,0.76,12,4,0.77,18,1
33,190354,23,49602,48,0.96,10,1,0.15,11,0
46,139719,18,54334,60,0.3,3,3,0.35,15,0
20,88244,35,73648,36,0.9,8,1,0.45,21,0
37,162766,38,27054,60,0.94,3,3,0.45,20,1
53,76264,9,75028,36,0.92,6,1,0.1,5,0
36,77545,24,27207,48,0.67,4,3,0.45,24,1
43,59224,17,85650,12,0.67,8,2,0.37,12,0
20,117945,18,86554,12,0.46,11,0,0.78,4,0
36,33224,35,26386,60,0.78,6,2,0.21,15,0
37,60738,9,88276,12,0.58,8,0,0.35,9,0
49,176222,32,64518,48,0.71,1,2,0.39,7,0
24,83731,4,57781,60,0.49,6,2,0.37,10,0
69,159649,34,57780,36,0.76,1,1,0.57,29,0
58,28070,33,66440,12,0.84,1,4,0.25,28,1
50,146161,32,49199,24,0.23,8,3,0.25,23,0
57,28666,20,66035,12,0.85,7,3,0.61,13,1
56,77761,16,13210,36,0.59,3,3,0.45,29,0
35,56368,21,49363,60,0.86,6,0,0.39,8,0
57,157855,36,83279,36,0.49,9,3,0.22,12,1
18,61914,14,65348,24,0.44,7,3,0.23,22,0
28,147738,34,60284,48,0.92,12,1,0.11,24,0
45,87526,27,77124,12,0.33,3,2,0.16,19,0
42,196837,6,73847,60,0.86,14,3,0.49,26,1
67,39956,31,27432,48,0.54,14,4,0.72,26,1
40,66240,10,69089,36,0.56,13,3,0.3,1,1
48,141008,9,60398,60,0.38,6,0,0.33,16,0
47,188220,8,8321,48,0.62,11,0,0.18,22,0
59,114270,13,86348,60,0.39,4,0,0.37,17,0
52,24757,12,42383,24,0.14,14,3,0.13,25,0
24,39097,24,83682,24,0.34,13,1,0.74,18,0
33,161467,1,84190,12,0.11,3,4,0.57,11,1
43,167313,34,57893,12,0.98,9,3,0.79,18,1
65,123892,6,40820,24,0.97,10,1,0.72,7,0
69,178768,20,71262,60,0.46,2,1,0.43,18,0
66,90480,17,8760,24,0.76,1,3,0.46,26,1
19,66163,2,27190,12,0.41,14,3,0.23,8,0
18,39816,38,72411,24,0.7,2,1,0.42,6,0
65,72853,10,28377,24,0.82,7,1,0.73,7,0
29,175989,38,51737,60,0.95,10,1,0.14,23,0
22,116731,23,74569,48,0.46,1,3,0.7,22,1
54,172638,18,43211,12,0.8,6,1,0.34,10,0
49,82823,3,87909,60,0.34,14,0,0.73,11,0
26,171878,25,8744,24,0.99,7,3,0.76,25,1
58,21759,37,29995,24,0.12,9,0,0.57,13,0
52,193021,31,21977,48,0.64,14,2,0.57,9,0
36,112374,38,39542,12,0.69,8,3,0.42,7,1
65,153554,35,15651,12,0.72,6,2,0.68,9,0
33,44442,39,83931,36,0.21,3,1,0.77,13,0
20,184791,36,21715,12,0.94,8,1,0.64,26,0
37,113501,32,49409,48,0.26,7,4,0.54,3,1
41,22079,35,29306,36,0.66,3,1,0.52,3,0
50,153789,2,24086,36,0.3,9,2,0.69,1,0
41,79676,8,19376,24,0.38,12,1,0.48,21,0
69,179024,7,66350,24,0.59,2,3,0.66,20,1
28,193532,32,76425,12,0.48,3,1,0.46,2,0
66,110397,5,41636,36,0.24,2,4,0.14,25,1
25,92847,38,91120,24,0.25,13,1,0.37,3,0
53,113607,3,56649,48,0.48,1,2,0.41,15,0
55,169521,12,39610,24,0.78,4,2,0.2,24,0
57,184608,1,15058,24,0.91,5,1,0.17,6,0
37,84077,4,79637,36,0.18,13,2,0.47,13,0
52,58258,26,83033,36,0.45,6,2,0.16,21,0
65,199374,31,75194,60,0.19,5,4,0.31,1,1
42,179937,20,81917,48,0.11,1,3,0.62,20,1
52,157717,7,69200,36,0.7,3,4,0.78,19,1
42,139771,37,51619,12,0.64,1,0,0.6,1,0
46,58000,7,22154,48,0.25,11,4,0.79,28,1
35,46737,2,24539,48,0.31,5,1,0.59,21,0
63,31485,2,65058,36,0.12,5,3,0.31,22,0
35,58565,21,67068,48,0.85,12,1,0.57,2,0
19,176594,5,82313,36,0.98,11,0,0.59,15,0
52,139614,1,35373,24,0.22,13,3,0.36,14,0
33,85155,22,38154,60,0.31,6,2,0.11,19,0
58,72487,1,11031,24,0.88,8,4,0.59,11,1
53,149948,37,98533,36,0.93,10,1,0.12,15,0
50,32342,16,76975,36,0.48,12,0,0.54,6,0
21,60806,34,27785,24,0.15,1,2,0.21,20,0
50,68770,33,83928,12,0.14,4,4,0.5,9,1
31,98623,22,33669,12,0.62,10,2,0.45,5,0
38,123177,29,99475,12,0.45,11,4,0.11,20,1
65,151026,7,7282,36,0.13,1,3,0.35,2,0
37,95629,21,39624,48,0.62,9,2,0.52,6,0
25,140993,35,53438,36,0.11,11,2,0.69,26,0
24,146944,4,94900,48,0.81,7,2,0.72,18,1
20,125947,12,72534,24,0.38,7,3,0.44,28,0
34,46399,28,36705,60,0.14,12,0,0.61,29,0
50,148177,30,43244,48,0.63,5,4,0.32,23,1
65,129575,15,79964,12,0.46,7,2,0.34,19,0
29,130904,29,42437,36,0.98,12,3,0.24,9,1
68,50678,15,82872,24,0.59,2,0,0.49,27,0
39,96218,11,79878,12,0.35,14,4,0.32,21,1
39,83230,16,77982,24,0.74,13,3,0.16,24,1
63,94055,15,55583,60,0.34,4,4,0.58,27,1
47,182552,11,43392,36,0.91,14,2,0.6,6,1
55,92258,7,12461,36,0.44,14,0,0.35,14,0
55,59986,19,15516,60,0.59,7,3,0.15,28,0
62,175232,2,84285,36,0.15,3,0,0.4,26,0
68,105595,15,22514,48,0.48,2,2,0.41,24,0
25,121358,29,41268,24,0.85,10,0,0.57,29,0
44,84929,22,95486,12,0.83,2,0,0.32,13,0
44,93506,27,41788,60,0.3,13,1,0.58,11,0
51,54911,39,80749,48,0.3,1,0,0.71,12,0
38,107127,4,66049,12,0.84,5,4,0.27,19,1
47,182893,19,67493,12,0.94,12,3,0.79,19,1
50,133453,39,41027,60,0.19,6,1,0.37,21,0
45,104458,0,98547,48,0.51,6,3,0.29,27,1
64,32175,29,47849,12,0.4,9,3,0.4,26,0
50,139235,20,22858,12,0.88,4,2,0.17,19,0
22,74771,19,89162,48,0.18,1,2,0.19,24,0
65,147157,5,84003,36,0.29,6,1,0.39,26,0
36,141300,21,57395,12,0.78,5,2,0.63,13,0
21,106925,17,44758,24,0.15,10,2,0.73,28,0
52,86358,7,59312,48,0.54,6,2,0.57,14,0
66,168399,38,73670,12,0.5,3,3,0.17,24,0
34,67057,31,87279,60,0.4,2,1,0.57,18,0
61,26150,32,20434,24,0.46,6,3,0.54,12,1
45,24425,15,69047,12,0.58,13,4,0.66,4,1
47,36032,11,52775,24,0.25,1,3,0.68,10,1
46,22198,37,80769,24,0.61,7,4,0.71,29,1
63,171151,33,71677,36,0.82,7,0,0.39,17,0
23,187292,13,88555,24,0.78,10,0,0.59,4,0
52,192946,35,90920,36,0.24,13,4,0.29,12,1
58,164931,32,50734,48,0.23,7,4,0.8,13,1
54,182491,22,93503,36,0.34,12,3,0.22,29,0
41,138865,1,45603,60,0.42,11,4,0.11,27,1
46,159777,20,81708,12,0.47,10,1,0.2,29,0
66,193952,1,86926,48,0.71,1,0,0.64,4,0
63,43236,26,73803,48,0.15,4,0,0.41,10,0
48,107955,8,44332,60,0.13,13,4,0.41,25,1
52,123145,0,96703,36,0.45,7,2,0.77,3,1
50,166430,10,26312,12,0.73,11,2,0.74,15,0
69,114914,2,98376,36,0.27,9,4,0.32,2,1
38,122870,22,89526,24,0.68,5,1,0.25,25,0
49,136243,25,49179,36,0.33,13,2,0.69,25,0
40,34596,3,76442,48,0.9,2,4,0.73,17,1
50,184644,17,45379,12,0.91,7,1,0.48,6,0
20,152351,5,22297,36,0.37,10,1,0.54,26,0
35,131496,34,7011,12,0.31,1,3,0.28,8,0
42,150273,21,49014,12,0.47,7,1,0.66,3,0
59,158155,14,16738,24,0.32,6,2,0.54,27,0
48,140674,21,99333,24,0.71,7,2,0.45,25,0
20,140307,36,52498,48,0.84,14,4,0.14,18,1
57,168843,11,16120,60,0.71,13,4,0.74,22,1
63,181047,37,13767,12,0.84,10,1,0.53,1,0
41,196720,17,27852,60,0.46,3,0,0.23,29,0
67,199357,34,84239,48,0.24,3,3,0.52,16,1
49,39063,29,5929,12,0.76,7,0,0.57,7,0
64,87642,23,82487,12,0.42,13,1,0.47,3,0
39,110093,29,96575,60,0.7,2,1,0.6,23,0
40,188671,13,22438,36,0.34,1,0,0.51,4,0
19,179601,5,53515,24,0.17,9,3,0.76,9,1
44,55954,2,10744,36,0.99,9,0,0.14,5,0
59,47856,15,88820,60,0.24,7,4,0.17,19,1
19,22573,6,47417,24,0.99,7,2,0.22,15,0
43,55367,13,12069,36,0.98,3,4,0.58,8,1
34,119608,8,47359,24,0.81,10,2,0.55,6,0
57,80774,14,24799,12,0.69,2,1,0.72,18,0
50,43752,20,98762,36,0.62,11,3,0.61,19,1
26,75029,34,75188,24,0.88,7,0,0.46,24,0
60,168757,1,94859,24,0.36,9,3,0.79,15,1
65,150282,26,12597,24,0.52,1,0,0.29,26,0
56,71693,1,52093,36,0.66,13,4,0.68,7,1
46,136739,34,42226,48,0.47,14,4,0.4,10,1
59,75961,17,77127,36,0.48,4,0,0.55,6,0
43,146678,13,96369,60,0.4,6,3,0.61,14,1
52,94532,19,82362,36,0.61,7,0,0.54,17,0
67,101994,17,31417,24,0.87,10,1,0.2,9,0
42,76133,9,23693,12,0.28,7,4,0.41,19,1
41,81268,24,84674,36,0.94,10,1,0.49,5,0
30,189315,1,58161,36,0.72,2,4,0.69,23,1
24,51653,24,7169,24,0.84,14,4,0.41,7,1
53,177729,32,89092,12,0.6,4,2,0.74,19,0
62,191024,35,27052,12,0.8,5,1,0.41,20,0
37,173252,30,76849,60,0.11,14,1,0.48,26,0
18,141829,13,78851,36,0.84,12,2,0.66,7,1
25,148377,0,13036,12,0.14,1,3,0.51,24,0
63,21622,15,36778,12,0.9,1,1,0.77,2,0
33,68756,2,32734,48,0.99,10,0,0.56,25,0
31,60809,34,28173,48,0.36,3,2,0.47,23,0
29,36725,5,35403,12,0.29,10,1,0.12,16,0
68,71226,24,71321,60,0.79,3,3,0.39,13,1
40,101182,12,76675,12,0.33,12,1,0.31,8,0
32,49402,33,11344,24,0.88,8,4,0.62,6,1
45,24263,7,23800,36,0.19,9,0,0.25,6,0
51,197900,20,30372,60,0.21,14,2,0.24,9,0
19,67924,33,66516,24,0.98,11,4,0.23,4,1
49,94182,3,25538,60,0.71,12,3,0.19,27,0
40,162736,24,68918,24,0.86,1,4,0.32,11,1
39,55737,14,19973,36,0.39,14,4,0.72,5,1
68,121332,3,76155,36,0.71,11,3,0.64,25,1
42,109563,11,64500,48,0.63,2,4,0.61,17,1
39,180445,31,41575,24,0.64,10,2,0.66,20,0
39,187469,31,47261,48,0.71,2,1,0.29,7,0
66,148575,27,32716,24,0.62,4,4,0.72,27,1
69,121371,12,8236,48,0.49,2,2,0.2,15,0
59,58709,30,20848,36,0.35,7,1,0.34,25,0
23,170322,13,7352,60,0.79,13,1,0.51,15,0
32,41172,19,6932,48,0.3,9,4,0.17,14,1
60,31555,17,81449,24,0.72,7,2,0.61,13,1
54,73276,28,13556,24,0.31,12,4,0.37,11,1
50,77492,5,91836,36,0.66,6,3,0.65,28,1
25,109599,31,10498,24,0.77,10,1,0.45,13,0
61,175834,28,81118,12,0.3,1,4,0.23,26,1
61,31046,1,55098,60,0.15,11,1,0.61,22,0
22,136021,22,69386,48,0.22,10,2,0.28,28,0
56,179841,18,14569,60,0.65,9,0,0.44,24,0
21,174222,30,61882,36,0.86,5,4,0.15,29,1
23,24853,4,75393,48,0.14,11,4,0.53,9,1
62,140900,18,5340,48,0.76,5,1,0.57,10,0
49,172864,33,48949,12,0.41,6,2,0.37,4,0
69,79129,9,87302,36,0.53,9,3,0.77,17,1
47,134130,24,67443,24,0.94,13,2,0.71,14,1
64,183059,1,96668,12,0.4,8,4,0.6,24,1
52,166922,10,79027,12,0.52,8,3,0.6,18,1
57,163184,30,5138,60,0.11,14,2,0.28,11,0
69,141789,14,5358,60,0.17,8,0,0.56,16,0
33,175130,8,80250,60,0.33,1,1,0.24,1,0
30,196492,22,90376,12,0.13,1,2,0.2,29,0
67,58890,18,35654,24,0.67,8,2,0.8,7,0
59,86017,8,30879,48,0.48,5,0,0.54,28,0
47,198376,34,86532,60,0.59,9,4,0.4,10,1
36,183993,20,60778,24,0.26,2,1,0.3,9,0
34,152596,8,42772,36,0.37,9,2,0.52,27,0
36,120424,27,63478,60,0.7,12,3,0.13,28,1
45,35048,6,69353,48,0.97,14,2,0.17,28,0
43,186183,15,31762,36,0.15,8,1,0.12,25,0
54,188976,15,18283,36,0.9,9,2,0.45,3,0
43,74912,32,68922,48,0.62,4,0,0.52,22,0
40,54008,3,44420,60,0.61,1,2,0.14,23,0
26,151132,3,60568,12,0.55,1,2,0.6,14,0
29,103559,38,90090,48,0.16,5,3,0.26,26,0
18,75337,39,25219,48,0.18,2,0,0.58,25,0
18,130616,16,62169,48,0.64,14,0,0.79,15,0
64,33350,36,79965,36,0.41,8,2,0.58,2,0
51,44354,38,51840,24,0.93,10,3,0.72,24,1
49,65186,28,49695,12,0.47,11,2,0.76,14,0
65,48145,35,89754,60,0.23,5,2,0.44,16,0
42,185092,37,82988,60,0.74,5,1,0.59,7,0
57,106123,38,63342,24,0.36,2,1,0.7,4,0
62,40581,36,23951,48,0.57,7,3,0.35,18,0
18,108929,34,6307,12,0.73,13,4,0.28,24,1
33,43051,6,85388,60,0.91,8,1,0.76,27,0
56,71474,26,95768,60,0.81,10,4,0.61,5,1
22,111748,27,40428,48,0.71,13,0,0.25,6,0
39,145995,21,97021,24,0.71,1,1,0.41,27,0
46,89626,13,80774,12,0.95,2,1,0.66,7,0
20,26960,6,43975,24,0.37,10,3,0.48,15,1
29,186844,36,6140,24,0.1,4,4,0.55,26,1
43,172592,21,29842,12,0.34,5,1,0.63,1,0
33,56408,4,31421,12,0.3,13,1,0.54,24,0
68,114006,1,6708,60,0.7,2,3,0.48,4,1
54,77134,26,8630,60,0.67,1,3,0.62,29,1
39,171563,20,24595,12,0.63,9,4,0.61,25,1
46,152413,37,81021,36,0.11,14,0,0.54,1,0
31,195695,14,33308,60,0.76,1,0,0.35,11,0
45,110327,20,49789,36,0.39,13,2,0.38,18,0
22,151410,9,60690,12,0.7,4,1,0.78,14,0
64,163326,22,31086,60,0.6,2,4,0.18,22,1
66,31344,38,21859,24,0.41,11,1,0.29,11,0
47,152822,4,12684,12,0.22,4,4,0.44,10,1
63,87957,0,96088,48,0.18,8,4,0.69,27,1
69,125423,12,6207,36,0.85,8,4,0.21,17,1
22,78053,20,51099,12,0.93,11,1,0.29,4,0
29,166968,25,72496,12,0.68,12,3,0.15,24,1
33,97454,20,71093,60,0.19,9,1,0.59,15,0
43,110600,17,34689,60,0.46,13,4,0.27,26,1
43,142732,36,53651,60,0.76,11,2,0.37,16,0
65,179007,31,18893,48,0.8,12,0,0.41,21,0
38,57641,35,71418,60,0.21,5,4,0.72,13,1
56,49711,16,65011,12,0.1,7,2,0.39,9,0
53,90342,34,43635,60,0.74,3,3,0.2,11,1
50,126896,10,61115,24,0.42,10,4,0.47,11,1
47,163254,20,83405,60,0.33,4,2,0.77,6,0
54,107833,25,77702,48,0.11,10,4,0.53,1,1
40,76276,3,83518,24,0.59,9,1,0.79,22,0
27,39541,33,77805,12,0.87,10,2,0.69,6,1
22,114457,17,63954,12,0.96,10,1,0.13,13,0
53,64813,39,33064,36,0.61,14,1,0.56,22,0
51,188270,34,84063,24,0.56,12,2,0.3,24,0
69,159892,28,7454,36,0.18,1,0,0.49,22,0
48,44070,28,25878,24,0.59,2,2,0.3,5,0
27,162194,37,56098,24,0.44,5,0,0.34,15,0
36,100559,20,67154,48,0.65,3,4,0.75,27,1
49,61786,12,17991,36,0.45,2,4,0.24,18,1
18,157809,16,73344,48,0.32,1,2,0.71,20,0
22,56062,8,41593,24,0.19,10,4,0.12,14,1
62,71571,0,41304,12,0.38,3,3,0.16,15,0
21,45510,1,35386,24,0.19,1,1,0.7,26,0
33,39426,28,60220,48,0.26,12,1,0.54,5,0
41,57265,32,74338,36,0.99,1,0,0.62,26,0
33,168922,9,99289,36,0.5,12,4,0.25,4,1
19,86150,39,26083,48,0.58,1,0,0.48,2,0
66,107312,20,23354,36,0.89,8,1,0.62,7,0
45,109613,27,27190,60,1.0,3,1,0.54,10,0
49,94910,10,11142,12,0.62,11,4,0.43,16,1
44,72375,33,33398,12,0.83,1,3,0.77,10,1
37,141826,7,56971,12,0.39,7,3,0.57,18,1
41,55435,21,46862,36,0.38,10,4,0.74,17,1
29,116443,7,58410,36,0.46,3,4,0.61,21,1
67,154055,14,24503,24,0.71,8,0,0.61,28,0
52,171734,16,53456,24,0.71,4,4,0.16,13,1
50,43510,22,87035,12,0.38,4,3,0.35,1,1
50,192070,23,13016,60,0.22,5,4,0.7,1,1
68,114071,18,7384,24,0.67,6,0,0.26,15,0
60,26640,4,67320,24,0.22,7,0,0.18,1,0
54,64547,31,20072,36,0.62,14,0,0.33,6,0
29,74620,0,85018,60,0.72,14,0,0.25,25,0
20,166389,22,45510,12,0.73,4,2,0.75,26,0
18,135608,36,53933,24,0.78,8,4,0.71,13,1
50,27564,7,26826,60,0.89,13,1,0.45,27,0
57,178417,12,73026,60,0.55,6,4,0.14,28,1
27,133824,7,30518,12,0.76,14,2,0.6,1,0
60,99273,22,29045,60,0.66,1,0,0.54,5,0
61,94859,0,55876,60,0.27,1,2,0.78,9,0
46,130017,23,97446,60,0.12,9,3,0.49,25,0
30,143618,34,95102,24,0.36,10,3,0.34,17,1
29,145341,23,56919,12,0.5,6,4,0.46,16,1
48,49430,16,32103,60,0.66,10,4,0.79,8,1
63,47788,4,41188,60,0.86,8,1,0.59,17,0
19,199615,19,10845,24,0.28,13,1,0.57,15,0
68,164991,20,91698,12,0.21,7,3,0.27,24,0
67,89346,39,41674,36,0.97,12,0,0.62,1,0
52,116122,30,24337,24,0.2,6,2,0.63,12,0
40,59974,35,27313,12,0.53,4,1,0.32,5,0
34,127309,10,31943,60,0.63,7,1,0.44,24,0
43,36371,14,82949,12,0.59,9,0,0.31,6,0
25,65084,18,5276,12,0.18,14,0,0.28,25,0
46,180701,6,56151,12,0.15,11,4,0.12,1,1
43,81916,27,22611,36,0.19,10,2,0.3,25,0
27,93972,4,16944,12,0.63,10,0,0.49,1,0
43,32984,4,57887,36,0.59,14,1,0.1,10,0
51,53039,29,86442,60,0.31,7,1,0.3,10,0
68,105431,31,54847,36,0.67,1,3,0.72,3,1
58,103691,7,63653,60,0.84,10,0,0.52,17,0
24,78606,9,91072,60,0.14,9,4,0.53,19,1
21,161688,37,61622,36,0.55,13,2,0.38,28,0
67,122665,31,32810,24,0.72,4,4,0.57,11,1
62,125373,27,82842,48,0.33,3,1,0.23,29,0
28,44574,16,15503,12,0.38,4,4,0.67,18,1
46,154502,30,89761,48,0.65,4,1,0.18,2,0
53,163748,7,41976,12,0.91,13,1,0.56,9,0
42,161888,39,16590,12,0.83,10,1,0.34,24,0
38,52733,24,15886,60,0.62,11,1,0.62,17,0
53,22050,8,17866,12,0.76,2,1,0.48,28,0
27,129996,1,71624,12,0.43,14,3,0.42,14,1
54,53933,14,73899,36,0.68,12,4,0.22,4,1
26,44951,2,37792,48,0.52,14,3,0.55,29,1
41,52413,35,14764,36,0.27,1,3,0.78,17,0
52,185873,3,91156,12,0.73,12,0,0.68,17,0
66,183985,13,47727,60,0.6,10,0,0.14,12,0
52,132573,24,83471,36,0.42,12,0,0.36,28,0
65,191672,9,13068,36,0.92,1,2,0.75,20,0
53,186472,20,12295,24,0.12,13,0,0.45,18,0
35,155566,35,46160,12,0.38,14,4,0.56,3,1
66,142744,11,16390,60,0.15,8,3,0.74,11,0
56,109431,26,25131,36,0.79,14,4,0.71,25,1
49,63001,39,99754,36,0.73,2,0,0.45,18,0
41,87364,1,80969,60,0.4,12,2,0.41,4,0
40,144988,12,20038,12,0.71,10,2,0.34,17,0
49,65028,31,57327,24,0.46,5,3,0.6,18,1
54,188645,30,98718,36,0.78,12,4,0.3,5,1
29,151878,15,82064,24,0.51,4,1,0.27,14,0
66,144343,31,26281,48,0.47,8,4,0.35,10,1
30,148301,31,59189,12,0.94,2,0,0.22,15,0
40,146295,33,53511,48,0.33,10,1,0.59,1,0
42,180829,10,13605,48,0.21,9,2,0.53,16,0
52,54636,9,6381,48,0.63,7,3,0.44,11,1
58,199352,14,71634,12,0.97,13,3,0.37,23,1
47,44262,16,24810,12,0.44,7,2,0.74,20,0
34,100435,39,29322,60,0.16,1,0,0.12,6,0
66,148583,17,46869,24,0.41,14,2,0.64,24,0
37,189269,8,37955,24,0.56,12,0,0.73,29,0
65,61844,24,66388,60,0.25,2,1,0.41,22,0
42,84754,39,15207,60,0.69,4,2,0.49,16,0
39,185229,13,92329,48,1.0,4,0,0.76,2,0
30,97129,24,72628,60,0.51,11,1,0.25,1,0
36,60042,21,33220,36,0.42,14,2,0.46,24,0
66,81665,29,89050,24,0.46,3,3,0.43,24,1
53,136953,19,79085,60,0.2,7,2,0.28,9,0
29,178448,20,27031,36,0.89,12,4,0.67,22,1
58,165271,31,75721,36,0.47,8,2,0.73,12,0
36,138533,20,85807,36,0.45,2,4,0.65,17,1
29,93781,34,76312,36,0.69,4,1,0.24,25,0
26,86262,31,64766,48,0.5,14,2,0.16,28,0
24,66600,29,17449,36,0.68,3,1,0.52,29,0
45,96898,38,94833,48,0.16,2,1,0.14,15,0
31,169369,11,61699,48,0.83,12,0,0.57,19,0
48,50448,17,86253,36,0.95,13,1,0.47,27,0
69,46172,20,51092,24,0.68,14,1,0.56,22,0
36,193946,12,68671,36,0.96,6,2,0.51,10,1
64,27657,20,15350,36,0.24,13,2,0.4,29,0
33,176497,7,73487,36,0.53,4,3,0.24,26,0
22,177757,39,22622,24,0.64,6,0,0.31,27,0
52,132855,6,75263,12,0.62,2,1,0.47,12,0
29,175650,22,58117,12,0.46,12,0,0.56,14,0
42,179903,31,63394,48,0.4,4,4,0.65,9,1
69,27906,10,28782,48,0.21,11,1,0.64,27,0
38,81413,21,33454,24,0.45,6,0,0.78,13,0
53,74028,21,72904,60,0.25,14,3,0.3,3,1
40,27287,24,20592,12,0.76,5,3,0.15,21,0
33,53660,21,27173,48,0.29,3,1,0.34,29,0
56,80504,27,38204,12,0.15,8,4,0.62,14,1
62,122979,28,40596,24,0.6,7,3,0.41,21,1
59,54701,12,39324,24,0.64,3,3,0.67,10,1
56,103300,17,66202,60,0.88,6,4,0.48,16,1
31,168746,1,94400,60,0.62,4,0,0.75,7,0
48,103560,28,35750,24,0.41,11,3,0.76,4,1
22,174946,20,81112,48,0.82,5,2,0.15,27,0
52,63642,14,21566,12,0.59,11,3,0.42,20,1
40,85160,26,12190,36,0.17,5,0,0.53,23,0
46,37602,30,93607,60,0.61,7,0,0.28,25,0
60,123320,14,43333,36,0.92,11,1,0.38,11,0
28,108801,22,85905,48,0.46,5,2,0.57,16,0
35,45931,23,94571,60,0.37,11,0,0.26,20,0
64,114377,12,6589,36,0.23,3,4,0.52,4,1
29,49192,21,30235,48,0.24,10,2,0.59,22,0
26,66542,36,5159,12,0.49,5,2,0.16,22,0
27,147015,32,17145,48,0.64,7,4,0.45,23,1
61,62520,2,85909,60,0.17,5,3,0.28,17,0
34,84772,18,36921,24,0.95,5,4,0.61,13,1
55,70106,22,21237,12,0.78,9,4,0.23,11,1
24,101121,28,13244,36,0.63,3,3,0.72,3,1
63,45559,29,19743,60,0.85,13,3,0.4,9,1
30,125595,38,51101,24,0.17,6,3,0.24,6,0
57,53742,24,89227,48,0.53,1,3,0.41,22,1
59,89669,36,61378,24,0.67,10,3,0.39,21,1
26,172826,7,76126,60,0.85,5,4,0.4,11,1
67,155044,15,61071,60,0.81,8,1,0.51,16,0
44,90831,7,76121,24,0.35,5,1,0.46,19,0
19,132217,0,79763,48,0.95,9,0,0.2,27,0
22,61873,4,98814,24,0.21,11,1,0.15,5,0
46,126532,2,17237,60,0.89,6,1,0.61,14,0
54,146267,0,20649,60,0.97,8,4,0.49,17,1
55,160975,3,42713,36,0.26,10,3,0.35,3,0
36,154092,39,78463,36,0.75,8,3,0.67,4,1
25,61755,34,50409,12,0.14,13,4,0.37,16,1
65,105956,31,53766,60,0.46,3,1,0.66,16,0
62,106988,33,51154,36,0.56,7,4,0.31,21,1
18,65648,24,12016,24,0.62,14,0,0.15,26,0
39,145991,9,84563,48,0.94,7,3,0.75,25,1
69,160588,20,53688,24,0.71,14,2,0.38,4,0
34,135005,38,94678,48,0.53,10,0,0.65,19,0
24,22396,26,59238,36,0.83,12,0,0.3,26,0
42,104082,26,63608,12,0.96,6,4,0.55,17,1
62,170201,1,94081,24,0.12,12,1,0.71,13,0
21,148322,12,36897,24,0.98,7,3,0.13,26,1
53,152663,8,55961,24,0.18,14,2,0.68,22,0
23,31303,35,73703,48,0.83,2,0,0.5,23,0
48,181633,21,49757,36,0.35,9,2,0.53,26,0
36,91719,25,31917,24,0.22,10,1,0.47,24,0
61,119616,11,27736,24,0.5,10,1,0.71,28,0
56,144165,16,32990,12,0.68,1,2,0.13,1,0
44,106231,13,67551,12,0.44,1,3,0.28,12,1
27,27314,13,63161,36,0.15,3,1,0.71,4,0
43,39623,33,84623,36,0.64,14,2,0.63,11,0
36,125228,19,27440,60,0.91,3,0,0.11,5,0
56,184202,10,40205,12,0.44,1,2,0.46,2,0
20,117624,15,85811,60,0.29,12,2,0.47,17,0
62,177364,30,60103,48,0.5,7,4,0.38,8,1
30,131785,5,75812,60,0.14,4,1,0.31,6,0
67,106206,18,46627,24,0.84,10,3,0.58,21,1
45,89274,36,24008,60,0.84,13,3,0.25,29,1
37,153541,3,76274,36,0.63,2,4,0.66,9,1
45,73947,3,37402,48,0.42,10,3,0.66,13,1
25,173606,19,58384,24,0.82,5,2,0.39,11,0
58,68874,9,10793,60,0.6,6,4,0.3,29,1
56,69708,23,10571,48,0.84,9,0,0.3,16,0
18,94553,34,21209,48,0.67,4,1,0.44,16,0
20,88344,25,95930,24,0.81,2,1,0.6,27,0
30,69138,36,48148,60,0.64,5,1,0.35,2,0
45,67638,37,96218,48,0.47,3,2,0.53,10,0
66,98249,20,7224,48,0.96,2,0,0.37,12,0
42,125865,39,53695,12,0.59,12,4,0.31,8,1
50,22719,38,37441,48,0.64,1,4,0.12,11,1
55,173962,20,44129,12,0.3,10,1,0.1,10,0
23,187581,9,67368,60,0.66,2,0,0.26,13,0
61,62534,37,97122,60,0.61,6,0,0.38,25,0
62,112241,3,49760,60,0.27,8,0,0.7,17,0
49,169859,19,28478,36,0.15,13,3,0.66,7,0
62,146209,16,76854,60,0.64,3,3,0.29,24,1
64,199917,6,99230,48,0.79,11,1,0.27,3,0
38,112124,3,90716,24,0.57,9,0,0.26,20,0
33,111659,28,17180,12,0.3,12,0,0.34,13,0
38,184134,13,20372,36,0.7,9,4,0.45,19,1
28,95713,2,34796,60,0.17,2,4,0.41,7,1
54,95418,23,63272,60,0.5,8,1,0.25,9,0
53,148232,36,94963,24,0.25,10,0,0.19,19,0
52,185904,15,98635,24,0.27,11,1,0.11,13,0
36,183038,3,59040,36,0.28,12,4,0.21,22,1
37,164059,23,80357,12,0.45,5,4,0.59,8,1
35,188383,33,76368,60,0.15,4,3,0.27,22,0
64,51575,29,83356,36,0.46,10,1,0.43,18,0
58,83852,17,21211,48,0.56,5,1,0.51,29,0
66,152079,18,10842,48,0.53,4,0,0.72,23,0
31,96242,30,68115,36,0.44,8,0,0.72,2,0
32,198589,18,71852,60,0.86,4,3,0.62,18,1
48,49257,18,50968,36,0.23,13,2,0.12,18,0
18,193279,21,22508,60,0.56,10,2,0.5,11,0
20,164353,23,27005,24,0.16,12,2,0.65,1,0
33,81246,11,59575,36,0.16,13,1,0.11,14,0
40,21435,29,85742,60,0.62,14,1,0.48,16,0
28,111357,37,23971,36,0.61,6,4,0.7,11,1
29,177732,30,30599,36,0.89,2,1,0.43,1,0
27,156156,35,92592,60,0.6,5,1,0.1,7,0
49,164579,18,71914,60,0.96,6,1,0.11,29,0
33,103807,35,72055,12,0.14,5,3,0.39,16,0
25,196611,29,92697,36,0.19,12,1,0.21,14,0
55,135953,32,10355,48,0.14,2,0,0.57,15,0
29,158563,17,59120,36,0.27,14,0,0.6,14,0
41,143797,27,79619,36,0.59,7,4,0.22,28,1
45,83888,10,43342,60,0.68,4,3,0.72,21,1
25,93609,32,90992,36,0.14,8,0,0.41,11,0
45,29077,16,83860,36,0.95,7,3,0.2,16,1
53,40953,5,7257,48,0.86,7,3,0.63,19,1
43,134682,3,32364,60,0.37,9,4,0.65,17,1
25,87889,19,29972,36,0.17,1,3,0.55,27,0
67,174893,26,31654,24,0.25,10,1,0.7,26,0
45,188639,14,85769,12,0.21,6,3,0.62,6,1
45,135374,5,86423,48,0.21,6,4,0.72,11,1
54,44860,13,34320,36,0.57,6,4,0.4,17,1
58,172267,10,25808,24,0.32,13,4,0.62,9,1
53,97475,38,57389,36,0.42,12,0,0.8,18,0
44,107266,8,39773,36,0.99,6,1,0.61,17,0
34,172499,25,56168,60,0.72,12,0,0.18,12,0
26,120732,15,32747,60,0.95,10,2,0.46,23,0
50,47083,4,81396,60,0.23,7,1,0.51,22,0
37,77372,9,88692,24,0.44,14,3,0.22,22,1
30,143786,2,62505,36,0.6,10,4,0.77,5,1
45,195136,12,90896,12,0.17,6,2,0.22,11,0
65,27813,29,23135,48,0.1,1,1,0.22,4,0
46,51598,5,95887,60,0.7,3,0,0.74,27,0
30,113106,16,52377,60,0.68,2,4,0.43,4,1
63,47082,18,28554,36,0.47,6,0,0.14,3,0
52,49241,34,67491,36,0.54,8,1,0.52,26,0
23,195641,25,60621,24,0.47,3,1,0.52,24,0
35,31745,4,63283,24,0.12,10,2,0.15,23,0
68,46029,28,90140,60,0.4,8,3,0.78,25,1
22,164097,36,21923,36,0.26,8,0,0.48,17,0
64,143395,19,52591,12,0.19,5,2,0.49,7,0
42,165360,20,67261,48,0.96,8,4,0.46,26,1
19,109186,9,59336,36,0.64,6,3,0.53,4,1
27,157612,4,79083,36,0.76,5,2,0.29,23,0
47,117768,35,65948,24,0.38,9,0,0.3,13,0
67,61846,5,38002,48,0.45,14,1,0.46,12,0
62,95932,25,85098,60,0.31,7,4,0.66,1,1
22,168554,3,78016,36,0.19,8,0,0.13,21,0
50,43411,38,31672,60,0.26,1,3,0.52,19,0
18,98797,38,9213,36,0.82,11,3,0.66,21,1
35,72307,34,15293,60,0.71,2,1,0.21,20,0
49,154165,0,60860,48,0.59,8,1,0.11,18,0
64,42042,23,67507,24,0.53,12,4,0.32,11,1
66,72930,35,62134,48,0.93,9,4,0.51,20,1
28,195485,5,7100,12,0.17,4,1,0.2,3,0
38,117883,30,66997,24,0.35,12,1,0.4,29,0
43,53756,19,33172,48,0.41,10,3,0.49,17,0
42,73268,23,25132,12,0.8,11,1,0.52,12,0
39,190286,24,23199,36,0.99,10,2,0.29,10,0
44,179674,35,41609,36,0.32,14,0,0.38,8,0
66,68901,20,47965,60,0.89,9,1,0.64,15,0
30,119986,29,13016,24,0.85,4,4,0.76,5,1
50,183268,23,44779,36,0.3,10,2,0.7,4,0
51,148386,29,36881,24,0.46,10,4,0.49,26,1
58,25626,21,87594,36,0.47,10,2,0.39,28,0
52,158496,27,29472,60,0.98,9,1,0.33,21,0
18,32857,6,56813,48,0.26,11,0,0.19,20,0
38,171054,34,41021,60,0.82,7,4,0.17,19,1
65,153052,27,59131,12,0.4,2,2,0.58,21,0
23,199362,13,29087,36,0.76,9,3,0.28,4,1
45,46431,9,17828,12,0.48,4,1,0.28,15,0
34,104976,15,66610,12,0.62,8,0,0.8,17,0
22,102711,15,6401,24,0.85,14,1,0.23,12,0
48,46385,30,90179,36,0.82,7,3,0.2,3,1
22,189230,24,20193,12,0.88,13,0,0.17,10,0
55,174091,12,97389,48,0.15,7,3,0.51,15,1
20,38639,5,49864,12,0.72,8,1,0.54,10,0
40,105530,8,25307,48,0.23,1,2,0.36,24,0
54,41563,35,24611,24,0.47,5,1,0.47,23,0
54,190413,19,48791,12,0.59,2,1,0.65,18,0
27,135672,17,16950,60,0.46,2,1,0.67,1,0
27,156848,20,81240,24,0.57,1,4,0.77,3,1
36,187516,3,82403,48,1.0,5,3,0.68,21,1
34,159783,32,7745,24,0.22,2,3,0.5,26,0
38,102970,26,60243,12,0.71,4,3,0.23,27,1
31,105553,6,8866,36,0.46,3,4,0.17,12,1
26,181779,5,37245,36,0.22,3,2,0.14,1,0
63,190182,14,49724,48,0.24,2,1,0.57,3,0
18,102879,17,76354,48,0.95,13,2,0.67,3,1
68,189899,31,56374,36,0.89,6,4,0.46,5,1
62,156727,10,35116,48,0.92,2,3,0.14,19,1
30,64859,19,86029,24,0.99,14,1,0.47,29,0
21,72098,23,98574,60,0.29,14,0,0.76,25,0
18,166323,14,25447,60,0.42,8,0,0.52,1,0
66,142413,6,35431,24,0.7,8,2,0.67,4,0
57,20526,20,22908,60,0.54,13,3,0.66,29,1
49,88760,25,34336,12,0.48,14,0,0.75,29,0
51,67837,13,45992,24,0.42,12,2,0.64,26,0
45,31536,36,60350,48,0.63,5,4,0.62,26,1
48,48541,20,74561,24,0.62,10,2,0.26,4,0
25,99083,17,56955,36,0.25,7,2,0.14,17,0
56,54531,4,66240,48,0.52,4,2,0.46,14,0
43,28712,2,25093,36,0.6,1,1,0.19,18,0
51,124101,22,11155,48,0.61,11,2,0.77,27,0
20,85455,25,51607,60,0.29,2,2,0.3,1,0
67,94744,36,38487,24,0.77,10,1,0.7,22,0
29,149749,23,60668,12,0.12,10,1,0.37,16,0
18,25109,18,25963,48,0.42,4,4,0.33,3,1
61,69268,24,55124,48,0.8,1,3,0.75,23,1
22,74615,20,57870,36,0.61,13,0,0.35,21,0
47,102503,11,61547,60,0.34,8,0,0.37,9,0
47,180831,32,69110,36,0.73,9,2,0.17,23,0
34,105708,3,58554,36,0.61,4,4,0.57,4,1
65,122471,6,25936,60,0.82,10,2,0.3,21,0
64,177661,21,9426,12,0.76,3,0,0.51,5,0
40,181087,32,93839,36,0.65,2,1,0.51,11,0
32,180081,16,32606,36,0.54,5,3,0.6,21,1
54,103309,23,52832,48,0.22,14,4,0.62,26,1
38,146446,33,33151,60,0.34,3,1,0.46,9,0
31,126661,27,84303,24,0.48,10,3,0.33,26,1
19,177215,38,16308,12,0.64,7,4,0.69,3,1
28,26154,21,67522,12,0.56,11,4,0.32,6,1
68,172876,16,50671,60,0.36,6,0,0.46,24,0
56,192760,33,95306,48,0.11,1,1,0.38,11,0
55,84288,5,99108,48,0.55,12,4,0.7,9,1
51,71195,5,7204,60,0.36,8,4,0.4,29,1
55,40581,33,97769,48,0.76,2,3,0.37,15,1
67,50087,0,92265,12,0.12,5,0,0.58,23,0
51,184053,9,36131,12,0.63,9,2,0.52,28,0
35,89298,20,57428,24,0.95,8,0,0.18,3,0
47,66167,4,38870,60,0.26,2,2,0.46,1,0
32,194480,1,54067,36,0.52,9,1,0.61,20,0
44,59499,21,63585,36,0.18,5,1,0.79,29,0
68,145816,1,26607,24,0.66,10,4,0.54,22,1
51,189631,9,29968,24,0.6,14,1,0.36,19,0
69,116347,33,16908,48,0.47,6,4,0.26,14,1
55,68787,15,31423,24,0.57,13,0,0.71,17,0
50,55488,38,79707,24,0.91,3,1,0.67,22,0
41,94441,21,83257,36,0.28,13,0,0.26,14,0
32,42431,11,66215,48,0.12,3,0,0.24,17,0
47,81681,23,60835,24,0.88,10,1,0.6,25,0
59,142720,39,54429,24,0.62,8,0,0.32,27,0
68,69153,37,87152,48,0.9,11,1,0.31,14,0
34,26368,9,43458,60,0.64,10,1,0.21,12,0
22,178496,34,51169,48,0.83,10,1,0.28,16,0
46,132360,31,12659,36,0.49,12,2,0.4,1,0
21,196076,6,65614,60,0.77,2,0,0.61,13,0
27,132755,20,82240,12,0.92,11,3,0.34,6,1
34,76985,19,37793,48,0.61,12,1,0.33,17,0
27,70069,25,51473,36,0.26,12,0,0.3,12,0
34,72326,3,94388,60,0.34,2,4,0.43,23,1
37,128737,21,93330,48,0.28,13,1,0.23,19,0
41,174470,14,60751,24,0.32,5,1,0.44,6,0
22,70861,39,83915,48,0.38,6,3,0.59,7,1
51,95897,20,59254,12,0.6,12,2,0.12,1,0
23,147118,14,12006,48,0.63,2,2,0.11,1,0
19,88577,21,79218,60,0.48,5,1,0.15,29,0
30,29078,27,70344,60,0.65,7,0,0.47,5,0
60,176075,13,38840,48,0.17,10,4,0.7,6,1
60,82768,26,37430,60,0.18,10,4,0.1,16,1
65,71047,39,28091,24,0.25,8,0,0.76,25,0
28,91626,27,37983,48,0.57,12,1,0.17,16,0
68,77660,25,28989,24,0.29,7,4,0.69,14,1
64,152997,1,80451,24,0.35,8,2,0.44,1,0
40,137832,24,23990,36,0.46,14,0,0.56,13,0
33,150406,2,95270,48,0.83,12,3,0.46,20,1
48,145150,7,85360,60,0.11,9,1,0.43,10,0
28,177087,32,41081,24,0.68,5,0,0.68,24,0
33,53320,34,16033,36,0.7,13,4,0.63,10,1
25,84881,5,21241,48,0.82,5,1,0.44,9,0
21,110827,38,10939,48,0.94,11,2,0.18,13,0
57,122215,22,52562,12,0.12,10,1,0.18,3,0
21,177361,24,40063,12,0.24,4,1,0.66,27,0
42,154461,18,81721,24,0.9,13,2,0.47,18,1
20,176755,4,32045,12,0.51,9,2,0.44,20,0
49,164701,10,49769,24,0.61,5,1,0.58,2,0
20,81550,11,52118,60,0.7,14,2,0.7,17,0
44,44826,9,89703,24,0.71,2,0,0.54,28,0
46,120734,7,26625,12,0.94,10,2,0.63,19,0
49,177702,23,32076,60,1.0,8,2,0.64,23,0
67,197235,27,69805,12,0.75,7,1,0.35,13,0
68,118511,35,49605,24,0.36,8,0,0.29,13,0
36,31653,36,89565,36,0.89,12,3,0.66,1,1
38,179033,20,93509,48,0.14,3,3,0.36,2,1
22,101941,7,44121,12,0.31,4,4,0.73,1,1
35,53662,8,70101,24,0.91,5,2,0.15,24,0
45,118818,14,36433,60,0.33,6,2,0.14,5,0
59,172360,39,48309,12,0.3,1,0,0.75,24,0
39,115081,17,72468,12,0.22,4,3,0.55,3,1
38,56877,19,49254,48,0.87,11,4,0.37,29,1
23,131562,5,72293,24,0.55,12,0,0.63,28,0
18,166385,11,42853,36,0.71,10,2,0.57,7,0
22,92715,1,43405,60,0.32,13,3,0.47,24,0
58,161398,6,71652,24,0.78,5,4,0.17,22,1
29,130091,15,48527,60,0.78,7,1,0.67,13,0
43,152632,2,82227,12,0.38,13,3,0.71,29,1
63,99148,2,5492,48,0.47,5,4,0.22,23,1
51,103186,26,98418,48,0.29,13,0,0.7,28,0
66,177817,39,13811,36,0.98,13,1,0.71,18,0
31,182962,37,98344,48,0.68,1,4,0.48,24,1
43,171094,32,29272,12,0.94,11,4,0.56,21,1
62,143629,27,98935,36,0.37,7,2,0.37,7,0
44,90316,0,77010,24,0.8,8,3,0.3,1,1
26,48380,7,97492,48,0.79,13,2,0.61,5,1
43,130198,36,52153,36,0.72,7,1,0.7,17,0
64,22356,31,59110,12,0.97,11,4,0.56,28,1
39,90326,36,18979,60,0.45,14,2,0.46,29,0
64,112447,3,33328,60,0.22,13,3,0.21,8,0
47,134994,29,17867,12,0.7,4,1,0.14,15,0
60,40049,5,64234,12,0.76,8,0,0.41,20,0
65,125361,18,30851,60,0.62,5,2,0.13,4,0
34,36082,31,36279,36,0.29,10,1,0.5,2,0
43,20661,8,78402,60,0.55,9,0,0.37,5,0
53,188484,11,20449,12,0.38,12,2,0.63,1,0
18,22920,10,81221,48,0.48,12,1,0.31,25,0
25,99561,15,94080,24,0.68,10,1,0.52,5,0
66,28946,0,10451,48,0.77,5,2,0.48,6,0
52,196572,20,92178,48,0.31,1,1,0.1,2,0
69,36309,29,46316,12,0.46,12,4,0.15,26,1
32,75230,12,68064,60,0.34,9,2,0.3,26,0
64,131822,33,68761,36,0.28,12,1,0.72,1,0
39,181099,3,43870,48,0.81,5,0,0.2,4,0
31,132340,27,35873,60,0.92,6,0,0.6,7,0
43,79321,37,63627,36,0.43,4,4,0.78,22,1
45,152028,30,71155,48,0.78,6,2,0.65,26,0
40,94131,26,30372,36,0.91,12,1,0.27,1,0
31,198980,4,8642,60,0.86,8,1,0.74,1,0
41,45963,24,33001,24,0.26,3,0,0.17,8,0
19,121757,2,39064,60,0.96,5,4,0.43,20,1
62,190515,32,99826,12,0.44,2,0,0.72,16,0
43,119259,3,19122,36,0.41,14,0,0.55,21,0
31,59063,24,29820,24,0.16,2,4,0.39,13,1
68,134225,19,73431,36,0.54,13,2,0.3,23,0
24,136400,33,60745,36,0.2,7,1,0.36,24,0
20,100818,25,55081,48,0.32,10,2,0.46,26,0
64,24703,4,75902,12,0.39,13,3,0.32,23,0
40,92099,34,13711,36,0.83,10,3,0.78,18,1
63,176921,27,90132,60,0.89,14,3,0.75,20,1
60,182932,28,23793,60,0.37,11,4,0.71,10,1
64,51585,8,13199,48,0.87,10,0,0.4,12,0
62,173087,37,81253,12,0.87,6,2,0.58,1,1
35,63585,5,41191,12,0.79,4,1,0.73,10,0
55,46958,18,15211,60,0.23,5,3,0.7,9,0
